./static/CAD_img/mathieu-kleyebe-abonnenc-in-collaboration-with-thomas-tilly-at-la-loge-brussels-25438/large-9bfb131036440ba0421553ac1ade217f.jpg,artwork
./static/CAD_img/mathieu-kleyebe-abonnenc-in-collaboration-with-thomas-tilly-at-la-loge-brussels-25438/large-57513c53e1c974702a38c3bb2fd7bf2f.jpg,artwork
./static/CAD_img/mathieu-kleyebe-abonnenc-in-collaboration-with-thomas-tilly-at-la-loge-brussels-25438/large-6eb51cf3f1bedda0a71a2cee002ce8e2.jpg,install
./static/CAD_img/mathieu-kleyebe-abonnenc-in-collaboration-with-thomas-tilly-at-la-loge-brussels-25438/large-bea717c20bf0b153c28d301e2ae696ce.jpg,install
./static/CAD_img/mathieu-kleyebe-abonnenc-in-collaboration-with-thomas-tilly-at-la-loge-brussels-25438/large-023c95589cc91a112d848960aad45ba2.jpg,artwork
./static/CAD_img/mathieu-kleyebe-abonnenc-in-collaboration-with-thomas-tilly-at-la-loge-brussels-25438/large-cbececcb69cf81b99950fb2c0c376a0b.jpg,install
./static/CAD_img/mathieu-kleyebe-abonnenc-in-collaboration-with-thomas-tilly-at-la-loge-brussels-25438/large-bd66796c8d8d0d13cc29116472d19dc3.jpg,install
./static/CAD_img/mathieu-kleyebe-abonnenc-in-collaboration-with-thomas-tilly-at-la-loge-brussels-25438/large-c9dd9f02b022a63384dd2ab3db965440.jpg,artwork
./static/CAD_img/mathieu-kleyebe-abonnenc-in-collaboration-with-thomas-tilly-at-la-loge-brussels-25438/large-8a339c84934d1db178f3e9ec5b86f995.jpg,artwork
./static/CAD_img/mathieu-kleyebe-abonnenc-in-collaboration-with-thomas-tilly-at-la-loge-brussels-25438/large-9d0749b8fd5551e89f5131c8eefc5457.jpg,artwork
./static/CAD_img/mathieu-kleyebe-abonnenc-in-collaboration-with-thomas-tilly-at-la-loge-brussels-25438/large-0d33ce5c78b46709b1625198000bc767.jpg,install
./static/CAD_img/mathieu-kleyebe-abonnenc-in-collaboration-with-thomas-tilly-at-la-loge-brussels-25438/large-02b769be319e3d32f36add604778c105.jpg,artwork
./static/CAD_img/mathieu-kleyebe-abonnenc-in-collaboration-with-thomas-tilly-at-la-loge-brussels-25438/large-70e0e524d4dbe37d4d155d2cade4e96d.jpg,artwork
./static/CAD_img/mungo-thomson-at-frank-elbaz-paris-26056/large-cbe6980b3d028f2aca5e661fb1d1e859.jpg,artwork
./static/CAD_img/mungo-thomson-at-frank-elbaz-paris-26056/large-abb353db633b27ed940f9a3dfdc83aa1.jpg,artwork
